{
  "ui_volume": 0.5032258064516129,
  "music_volume": 0.0967741935483871,
  "bg_animation": true
}